candidate_rank,frame_index,folder_name,timestamp,oe,le,total_occ,total_le,fop,flp,v2x_gen_score
1,226,trans_M1,000467,9,4,15,7,5.20277328,1.9929444123943356,5.20277328
2,225,trans_M1,000466,9,3,19,7,4.885475,1.938766064741901,4.885475
3,1221,trans_M2,000466,9,4,20,9,4.7519164400000005,2.1799669156305503,4.7519164400000005
4,1222,trans_M2,000467,8,4,15,7,4.24437092,1.8941106281923916,4.24437092
5,2380,trans_M3,000778,14,1,30,2,4.18627344,1.8977623496885996,4.18627344
6,2217,trans_M3,000466,8,3,17,8,4.01831144,1.5541043084024344,4.01831144
7,383,trans_M1,000768,14,0,29,1,3.94681064,1.8141556937931762,3.94681064
8,387,trans_M1,000777,13,0,30,1,3.7691295599999997,1.6175439109437062,3.7691295599999997
9,2378,trans_M3,000776,13,0,28,1,3.6650542799999997,1.6994119471809805,3.6650542799999997
10,386,trans_M1,000776,13,0,28,0,3.62337372,1.6994119471809832,3.62337372
11,385,trans_M1,000771,13,0,28,1,3.6193230799999996,1.699606659174669,3.6193230799999996
12,388,trans_M1,000778,14,0,29,1,3.6102446,1.8166255530951458,3.6102446
13,2379,trans_M3,000777,13,0,30,1,3.5646255599999996,1.7616268928184557,3.5646255599999996
14,1378,trans_M2,000767,13,0,25,1,3.4749003599999995,1.6324358495573972,3.4749003599999995
15,1380,trans_M2,000769,14,0,28,1,3.4561124000000003,1.6867441345705185,3.4561124000000003
16,1382,trans_M2,000776,13,0,28,1,3.40957156,1.6994119471809805,3.40957156
17,2218,trans_M3,000467,6,4,12,7,3.3603210800000003,1.8941106281923916,3.3603210800000003
18,1381,trans_M2,000771,13,0,28,1,3.3064455600000002,1.6998136826992984,3.3064455600000002
19,2374,trans_M3,000767,14,0,26,0,3.3054290799999997,1.7793018068574875,3.3054290799999997
20,1384,trans_M2,000778,12,0,27,1,3.2284534000000003,1.4652876671472614,3.2284534000000003
21,382,trans_M1,000767,14,0,27,1,3.1726228799999996,1.7072577476037147,3.1726228799999996
22,1383,trans_M2,000777,12,0,27,1,3.14377704,1.4618521763829573,3.14377704
23,384,trans_M1,000769,12,0,29,1,3.13639476,1.4009606482710792,3.13639476
24,1379,trans_M2,000768,12,0,28,1,3.0529428,1.4881083754341629,3.0529428
25,2201,trans_M3,000430,6,0,8,1,2.9121686400000004,0.5735709434549607,2.9121686400000004
26,2376,trans_M3,000769,10,0,25,1,2.74394224,1.3280046980377354,2.74394224
27,2375,trans_M3,000768,9,0,20,1,2.4919928400000004,1.6432205079013449,2.4919928400000004
28,1203,trans_M2,000423,8,0,8,1,2.48200408,0.9032576970226017,2.48200408
29,379,trans_M1,000760,8,0,20,1,2.47978276,1.2357979887550952,2.47978276
30,2955,trans_M3,001931,4,1,8,4,2.46438216,0.6962057817910772,2.46438216
31,1220,trans_M2,000464,6,2,15,6,2.45989656,1.4252827454812655,2.45989656
32,2216,trans_M3,000464,6,2,16,6,2.4407729999999996,1.238764062377342,2.4407729999999996
33,224,trans_M1,000464,6,2,16,6,2.4048561200000003,1.2387640623773448,2.4048561200000003
34,209,trans_M1,000430,8,0,9,2,2.3205890799999995,0.7557540433194102,2.3205890799999995
35,2198,trans_M3,000422,8,1,8,2,2.3178,1.0735434577872105,2.3178
36,2199,trans_M3,000423,8,0,8,1,2.2964,0.9032576970226027,2.2964
37,207,trans_M1,000423,7,0,7,1,2.2316934400000004,0.8214501769142224,2.2316934400000004
38,2377,trans_M3,000771,9,0,25,1,2.19049988,1.206386776227491,2.19049988
39,206,trans_M1,000422,8,0,8,1,2.1692,1.0001404605852389,2.1692
40,1353,trans_M2,000716,7,1,17,1,2.1419708400000004,1.1782306683796602,2.1419708400000004
41,356,trans_M1,000715,7,1,20,1,2.1207709999999995,1.1708481320758999,2.1207709999999995
42,2886,trans_M3,001783,4,1,11,4,2.1166156,1.075352624344614,2.1166156
43,638,trans_M1,001277,3,0,6,1,2.1050012,0.44487515073944794,2.1050012
44,2868,trans_M3,001753,4,0,8,4,2.09549508,0.5708471290784037,2.09549508
45,413,trans_M1,000827,3,3,16,6,2.08033504,1.2257089225255204,2.08033504
46,227,trans_M1,000470,4,1,13,3,2.0762,0.8669552141098877,2.0762
47,211,trans_M1,000435,5,0,7,2,2.0748225600000003,0.4351154338525988,2.0748225600000003
48,1205,trans_M2,000430,7,1,8,2,2.06163728,0.8047954120082272,2.06163728
49,639,trans_M1,001279,4,0,7,1,2.0496,0.5989929410567545,2.0496
50,1207,trans_M2,000435,5,0,7,3,2.04926136,0.4351154338525989,2.04926136
51,1202,trans_M2,000422,8,0,8,1,2.0484,0.9195006170968671,2.0484
52,2373,trans_M3,000765,12,0,24,1,2.04704804,1.5707955840853067,2.04704804
53,1223,trans_M2,000470,4,1,9,3,2.0372,0.8669552141098877,2.0372
54,1211,trans_M2,000444,6,0,9,2,2.0019888,0.5119485369230476,2.0019888
55,357,trans_M1,000716,8,1,19,1,1.9929902800000001,1.1782306683796604,1.9929902800000001
56,205,trans_M1,000421,7,0,7,1,1.9869680399999998,1.075752510753045,1.9869680399999998
57,2899,trans_M3,001804,3,1,8,4,1.97227808,0.531918514054899,1.97227808
58,1201,trans_M2,000421,7,0,7,1,1.9714,1.277601390020839,1.9714
59,2293,trans_M3,000609,8,0,21,0,1.97101296,1.3109029637139895,1.97101296
60,1634,trans_M2,001277,3,0,7,1,1.96366436,0.44487515073944794,1.96366436
61,2372,trans_M3,000762,6,0,20,1,1.9614768,1.113018887719544,1.9614768
62,1218,trans_M2,000459,4,0,7,4,1.92761888,1.273925704855452,1.92761888
63,1377,trans_M2,000765,11,0,25,1,1.92378152,1.4934688268189038,1.92378152
64,872,trans_M1,001738,4,2,10,5,1.9186045999999999,0.9630713194464261,1.9186045999999999
65,1409,trans_M2,000827,3,3,17,6,1.9134919200000002,1.3037650239645975,1.9134919200000002
66,1937,trans_M2,001885,4,1,10,4,1.9030715999999999,0.7285599003223039,1.9030715999999999
67,1373,trans_M2,000751,4,0,12,0,1.8965999999999998,0.4755098465907352,1.8965999999999998
68,2922,trans_M3,001854,4,3,9,5,1.8867364799999997,1.0362546826524974,1.8867364799999997
69,2883,trans_M3,001777,4,2,8,3,1.8639223600000001,0.9736850496775885,1.8639223600000001
70,2898,trans_M3,001803,3,1,7,4,1.83656804,0.6367356640998458,1.83656804
71,2882,trans_M3,001776,4,1,10,4,1.8353738000000002,0.9401519545297206,1.8353738000000002
72,2203,trans_M3,000435,5,0,5,2,1.8329388400000002,0.4351154338525988,1.8329388400000002
73,1502,trans_M2,001009,7,3,13,18,1.82634972,2.104771431322356,1.82634972
74,381,trans_M1,000765,11,0,25,1,1.8099318000000002,1.5664628289594562,1.8099318000000002
75,944,trans_M1,001890,3,1,9,4,1.80936016,0.6369745302034685,1.80936016
76,814,trans_M1,001620,3,1,11,4,1.80692912,0.5033992937603324,1.80692912
77,1501,trans_M2,001007,6,2,12,16,1.80365436,1.513370552041223,1.80365436
78,1355,trans_M2,000721,5,0,17,2,1.80021344,0.9934052236891431,1.80021344
79,2197,trans_M3,000421,7,1,8,2,1.7999766400000001,1.2745036404342673,1.7999766400000001
80,1938,trans_M2,001886,3,2,8,4,1.79380824,0.8346449089162313,1.79380824
81,2924,trans_M3,001859,4,1,9,4,1.78928176,0.8581052590404853,1.78928176
82,212,trans_M1,000436,4,0,7,3,1.7875994399999997,0.28363051954755464,1.7875994399999997
83,2347,trans_M3,000712,7,0,18,1,1.7746517999999996,1.0525038620115876,1.7746517999999996
84,1885,trans_M2,001772,4,1,10,4,1.7668298,0.7934431428063422,1.7668298
85,942,trans_M1,001886,3,2,8,4,1.7648194400000001,0.8346449089162313,1.7648194400000001
86,505,trans_M1,001007,6,2,13,15,1.75887216,1.4490753421750027,1.75887216
87,2890,trans_M3,001789,3,2,10,4,1.75607512,0.7681594552212199,1.75607512
88,2222,trans_M3,000475,4,2,11,7,1.7522898400000002,1.101599220368532,1.7522898400000002
89,2630,trans_M3,001279,3,0,6,1,1.7462,0.618955670347807,1.7462
90,941,trans_M1,001885,3,1,8,4,1.7430455999999999,0.6349576184918932,1.7430455999999999
91,877,trans_M1,001753,3,0,9,4,1.7367245199999999,0.4070023035785588,1.7367245199999999
92,1940,trans_M2,001890,3,1,6,3,1.72899204,0.6369745302034685,1.72899204
93,355,trans_M1,000712,7,0,19,1,1.72620656,0.9896102676527074,1.72620656
94,1935,trans_M2,001881,3,2,8,4,1.7178283200000002,0.8346432311735392,1.7178283200000002
95,939,trans_M1,001881,3,2,8,4,1.7158128799999999,0.8346432311735392,1.7158128799999999
96,2805,trans_M3,001620,3,1,10,4,1.71248676,0.5033992937603324,1.71248676
97,210,trans_M1,000434,5,0,7,2,1.7091978799999998,0.4352498376711971,1.7091978799999998
98,940,trans_M1,001884,3,1,8,4,1.70874132,0.6371878641318393,1.70874132
99,1209,trans_M2,000438,3,0,4,2,1.70756768,0.20103667475540685,1.70756768
100,2807,trans_M3,001622,4,2,9,3,1.70426448,0.7574623603204276,1.70426448
101,1348,trans_M2,000705,7,0,18,0,1.69233448,1.0505073160017075,1.69233448
102,2931,trans_M3,001884,3,1,8,4,1.69202288,0.637187864131839,1.69202288
103,1873,trans_M2,001753,3,0,10,4,1.6917094400000001,0.4070023035785588,1.6917094400000001
104,1936,trans_M2,001884,3,2,7,5,1.69093356,0.8870879633007853,1.69093356
105,905,trans_M1,001800,3,1,8,4,1.6816116,0.6348613279434988,1.6816116
106,2934,trans_M3,001888,3,1,9,2,1.6785501600000001,0.6348927923305729,1.6785501600000001
107,931,trans_M1,001854,3,2,9,4,1.67501728,0.834334541195009,1.67501728
108,816,trans_M1,001622,3,2,9,5,1.6725046,0.7008510203605954,1.6725046
109,2210,trans_M3,000448,6,1,8,3,1.6708043199999998,0.8219247999616256,1.6708043199999998
110,885,trans_M1,001768,4,2,10,4,1.66673648,0.9349862495067378,1.66673648
111,933,trans_M1,001859,3,1,7,3,1.6656472,0.6349503940943444,1.6656472
112,1376,trans_M2,000762,7,0,20,1,1.6636788,1.0892998968035525,1.6636788
113,2879,trans_M3,001771,3,0,8,4,1.65854812,0.5918234672343774,1.65854812
114,374,trans_M1,000747,6,0,15,2,1.65225044,1.1830309415069686,1.65225044
115,1949,trans_M2,001907,3,0,8,4,1.6520816799999998,0.4374785665979031,1.6520816799999998
116,416,trans_M1,000833,4,2,17,8,1.6452648799999998,0.8716480117517325,1.6452648799999998
117,2408,trans_M3,000833,3,1,14,6,1.6435,0.6896092781163433,1.6435
118,1939,trans_M2,001888,3,2,8,4,1.63871024,0.8346282044479747,1.63871024
119,1929,trans_M2,001859,3,1,8,4,1.6345504000000002,0.6349503940943444,1.6345504000000002
120,664,trans_M1,001325,2,1,6,2,1.6316000000000002,0.6097843896594094,1.6316000000000002
121,1352,trans_M2,000715,7,1,15,1,1.6284294,1.2683092662070348,1.6284294
122,1812,trans_M2,001622,3,2,8,4,1.62646464,0.7008510203605954,1.62646464
123,2891,trans_M3,001793,4,2,9,4,1.6222156799999998,1.1171050250119605,1.6222156799999998
124,1910,trans_M2,001829,3,2,9,4,1.6213136000000001,0.8343714124998673,1.6213136000000001
125,1830,trans_M2,001656,3,0,11,5,1.6181405199999999,0.4092412437819998,1.6181405199999999
126,1216,trans_M2,000451,5,1,11,4,1.6150325600000002,1.0091231308356141,1.6150325600000002
127,914,trans_M1,001829,3,2,10,4,1.61491352,0.8343714124998673,1.61491352
128,1412,trans_M2,000833,3,3,14,9,1.6083807200000002,1.065619419695801,1.6083807200000002
129,913,trans_M1,001816,3,0,7,2,1.6065492799999999,0.437341466091009,1.6065492799999999
130,1920,trans_M2,001843,3,2,9,4,1.6052126000000002,0.8343436852803685,1.6052126000000002
131,1908,trans_M2,001815,3,0,8,4,1.60381692,0.4373439128846681,1.60381692
132,1924,trans_M2,001849,3,1,8,4,1.60052064,0.6347700974295951,1.60052064
133,2919,trans_M3,001849,3,1,6,4,1.598271,0.6347700974295952,1.598271
134,2904,trans_M3,001816,3,1,7,5,1.5917576400000002,0.7002382846452251,1.5917576400000002
135,889,trans_M1,001772,3,1,8,4,1.58971776,0.7934431428063422,1.58971776
136,1877,trans_M2,001761,4,2,10,4,1.5889788,0.9702682740638748,1.5889788
137,1915,trans_M2,001837,3,1,10,4,1.58630504,0.6368750961951515,1.58630504
138,1927,trans_M2,001854,3,2,10,4,1.58411148,0.834334541195009,1.58411148
139,925,trans_M1,001845,3,1,9,4,1.58399812,0.6369142742434732,1.58399812
140,2908,trans_M3,001832,3,0,10,4,1.5806098,0.4373214077550922,1.5806098
141,2918,trans_M3,001847,3,2,10,4,1.58023376,0.8343369642906021,1.58023376
142,919,trans_M1,001837,3,1,9,4,1.5795340000000002,0.6368750961951515,1.5795340000000002
143,1909,trans_M2,001816,3,0,8,4,1.5793916000000001,0.437341466091009,1.5793916000000001
144,2902,trans_M3,001814,3,1,10,4,1.57499096,0.6369804940814388,1.57499096
145,875,trans_M1,001746,3,2,8,4,1.5726744799999999,0.8340357635768522,1.5726744799999999
146,917,trans_M1,001832,3,0,7,4,1.57129704,0.4373214077550922,1.57129704
147,2231,trans_M3,000488,4,2,9,5,1.56925756,1.089374840443731,1.56925756
148,1375,trans_M2,000760,7,0,20,1,1.5558458,1.0380436316080461,1.5558458
149,911,trans_M1,001814,3,1,9,4,1.55423152,0.6369804940814388,1.55423152
150,215,trans_M1,000444,5,0,9,2,1.55238612,0.6509460956122624,1.55238612
151,2947,trans_M3,001913,2,0,7,4,1.55231664,0.273549350326792,1.55231664
152,506,trans_M1,001009,6,1,13,17,1.5520212000000002,1.7293677944139123,1.5520212000000002
153,887,trans_M1,001770,3,0,9,4,1.55170384,0.5899169917251369,1.55170384
154,886,trans_M1,001769,3,1,7,3,1.5498064400000002,0.6348080882727605,1.5498064400000002
155,1887,trans_M2,001776,3,1,8,4,1.5494624399999999,0.7994438486825707,1.5494624399999999
156,2914,trans_M3,001842,3,2,8,4,1.54707124,0.8343516008409885,1.54707124
157,1922,trans_M2,001846,3,1,8,4,1.5455085200000003,0.7866207710268873,1.5455085200000003
158,912,trans_M1,001815,3,0,10,4,1.54305748,0.4373439128846681,1.54305748
159,928,trans_M1,001849,3,1,9,4,1.5419515599999998,0.6347700974295951,1.5419515599999998
160,921,trans_M1,001839,3,2,9,4,1.53781592,0.834364373596008,1.53781592
161,904,trans_M1,001797,3,0,8,4,1.53516916,0.43728098848227903,1.53516916
162,2865,trans_M3,001745,3,2,11,4,1.5331806399999999,0.8340516346041038,1.5331806399999999
163,2864,trans_M3,001742,3,2,9,4,1.52757848,0.8344411580866918,1.52757848
164,2880,trans_M3,001772,3,1,8,4,1.5239323200000001,0.6369071939994205,1.5239323200000001
165,900,trans_M1,001793,3,2,8,4,1.52340904,0.8345254345823288,1.52340904
166,901,trans_M1,001794,3,1,8,4,1.5233912,0.6348189186857008,1.5233912
167,918,trans_M1,001835,3,2,7,4,1.52142096,0.8343695089085253,1.52142096
168,924,trans_M1,001843,3,2,10,4,1.5172513200000002,0.8343436852803685,1.5172513200000002
169,2821,trans_M3,001648,2,2,8,6,1.51412032,0.5811819700428957,1.51412032
170,893,trans_M1,001779,3,2,10,4,1.512843,1.0052973229975244,1.512843
171,507,trans_M1,001010,6,3,12,18,1.5127099200000003,2.07319262037724,1.5127099200000003
172,213,trans_M1,000438,3,0,5,2,1.5116420799999999,0.20103667475540676,1.5116420799999999
173,851,trans_M1,001696,3,0,10,3,1.51054728,0.586799563559079,1.51054728
174,910,trans_M1,001813,3,1,9,4,1.50870496,0.6369830933081435,1.50870496
175,844,trans_M1,001678,3,0,11,4,1.5019256,0.299216011698444,1.5019256
176,1900,trans_M2,001797,3,0,9,4,1.5005484,0.43728098848227903,1.5005484
177,2905,trans_M3,001829,3,2,8,4,1.49725036,0.8343714124998673,1.49725036
178,930,trans_M1,001852,3,2,8,4,1.49661648,0.8343119551433368,1.49661648
179,1660,trans_M2,001325,2,1,4,2,1.4966,0.6097843896594113,1.4966
180,1906,trans_M2,001813,3,1,9,4,1.4936907199999998,0.6369830933081435,1.4936907199999998
181,1867,trans_M2,001735,3,3,9,5,1.49106844,1.0956273965253471,1.49106844
182,899,trans_M1,001789,3,2,10,4,1.48971216,0.8344748581868201,1.48971216
183,1351,trans_M2,000712,4,0,14,1,1.4894015999999997,1.0525038620115876,1.4894015999999997
184,1859,trans_M2,001722,3,2,9,4,1.48938656,0.8346732912383462,1.48938656
185,1902,trans_M2,001802,3,2,8,4,1.4859294399999998,0.834521964742792,1.4859294399999998
186,1912,trans_M2,001831,3,2,8,4,1.4855181599999998,0.8343838953247621,1.4855181599999998
187,2928,trans_M3,001875,3,1,8,4,1.48243976,0.6370748644706921,1.48243976
188,873,trans_M1,001742,3,2,9,4,1.4801084800000002,0.8344411580866918,1.4801084800000002
189,752,trans_M1,001498,3,1,4,14,1.4799296800000001,1.0126179885741466,1.4799296800000001
190,1881,trans_M2,001768,3,2,8,5,1.4792134799999999,0.834538544805873,1.4792134799999999
191,881,trans_M1,001761,3,2,11,4,1.4754551999999999,0.8344726406509265,1.4754551999999999
192,298,trans_M1,000604,5,0,15,1,1.4735571999999997,0.9960822150905032,1.4735571999999997
193,2862,trans_M3,001735,3,3,9,5,1.4720607999999997,1.1023238801901003,1.4720607999999997
194,2401,trans_M3,000821,6,2,14,3,1.46951228,1.8353173229012458,1.46951228
195,2895,trans_M3,001797,3,0,9,4,1.4687383999999999,0.43728098848227903,1.4687383999999999
196,2892,trans_M3,001794,3,1,9,5,1.46864452,0.6348189186857008,1.46864452
197,2893,trans_M3,001795,3,1,7,4,1.46549968,0.636989633975343,1.46549968
198,938,trans_M1,001879,3,0,7,3,1.4645564800000002,0.43754711104859384,1.4645564800000002
199,1317,trans_M2,000650,6,0,16,0,1.46300272,1.2315027619131258,1.46300272
200,891,trans_M1,001776,3,1,7,4,1.46298648,0.7994438486825707,1.46298648
201,871,trans_M1,001735,3,2,10,4,1.46095912,0.8345350046934984,1.46095912
202,2497,trans_M3,001007,4,4,11,17,1.45960548,1.5371287836273342,1.45960548
203,878,trans_M1,001757,3,1,9,4,1.45831232,0.6348457027942918,1.45831232
204,927,trans_M1,001847,3,2,9,4,1.4529604799999998,0.8343369642906021,1.4529604799999998
205,2838,trans_M3,001685,3,1,12,4,1.45083048,0.6328408129769174,1.45083048
206,903,trans_M1,001796,3,1,9,4,1.44935184,0.6370038262488871,1.44935184
207,1504,trans_M2,001011,5,3,10,18,1.44857804,1.9087414045257232,1.44857804
208,2894,trans_M3,001796,3,1,7,3,1.44730516,0.6370038262488871,1.44730516
209,1897,trans_M2,001794,3,1,9,5,1.4468482,0.6348189186857008,1.4468482
210,1815,trans_M2,001629,3,0,11,5,1.44602756,0.5396036557850321,1.44602756
211,2500,trans_M3,001011,4,2,12,18,1.44507164,1.476054970872067,1.44507164
212,1371,trans_M2,000749,4,0,16,2,1.44275616,1.0143195653751924,1.44275616
213,892,trans_M1,001777,3,2,9,4,1.44177924,1.00121241676619,1.44177924
214,719,trans_M1,001425,3,0,5,16,1.4414640399999998,0.6881818107806912,1.4414640399999998
215,423,trans_M1,000848,3,0,8,4,1.43896596,0.6438625859132114,1.43896596
216,1848,trans_M2,001698,3,0,10,4,1.4367064,0.43706959952687796,1.4367064
217,894,trans_M1,001781,4,1,11,4,1.43273364,0.8099844856516625,1.43273364
218,906,trans_M1,001802,3,3,8,5,1.4321796,1.0487019590985636,1.4321796
219,1748,trans_M2,001498,3,1,3,14,1.43132184,1.0126179885741466,1.43132184
220,1892,trans_M2,001785,3,1,12,5,1.42964432,0.6368246986286447,1.42964432
221,1874,trans_M2,001757,3,1,9,5,1.4290387599999999,0.6348457027942918,1.4290387599999999
222,2870,trans_M3,001758,3,2,9,4,1.42734812,0.8344507358858261,1.42734812
223,882,trans_M1,001763,3,3,10,4,1.4272575600000001,1.0337211115213198,1.4272575600000001
224,1681,trans_M2,001362,3,1,12,4,1.4269412399999999,0.6869026859524134,1.4269412399999999
225,2877,trans_M3,001769,3,1,7,5,1.42640056,0.6348080882727605,1.42640056
226,2349,trans_M3,000716,5,1,14,1,1.4240485600000001,1.0382007120668624,1.4240485600000001
227,1852,trans_M2,001704,3,1,8,2,1.4239486399999999,0.6369225664068514,1.4239486399999999
228,1359,trans_M2,000727,6,0,16,2,1.4222606400000002,0.8359031703611641,1.4222606400000002
229,1513,trans_M2,001029,2,0,11,11,1.4152,0.6142047784564908,1.4152
230,1899,trans_M2,001796,3,1,9,4,1.414977,0.6370038262488871,1.414977
231,2896,trans_M3,001800,3,2,7,5,1.41366028,0.8637048357638694,1.41366028
232,1875,trans_M2,001758,3,2,7,4,1.412964,0.8344507358858261,1.412964
233,1931,trans_M2,001868,3,1,9,4,1.41177088,0.6370687357710445,1.41177088
234,855,trans_M1,001703,3,0,9,3,1.41141872,0.4372750598937237,1.41141872
235,1390,trans_M2,000795,4,0,12,3,1.41113752,1.1003487769059,1.41113752
236,2888,trans_M3,001786,3,1,9,5,1.41086384,0.6348021310854276,1.41086384
237,902,trans_M1,001795,3,1,9,4,1.40966876,0.636989633975343,1.40966876
238,860,trans_M1,001711,3,1,10,3,1.4090061999999999,0.6370573947028273,1.4090061999999999
239,854,trans_M1,001700,3,0,8,4,1.4089087200000001,0.5789906326598103,1.4089087200000001
240,895,trans_M1,001783,3,1,10,4,1.40877636,0.8163917454032574,1.40877636
241,896,trans_M1,001785,3,1,9,5,1.407988,0.6368246986286447,1.407988
242,2897,trans_M3,001802,3,2,6,4,1.4068292800000002,0.8345219647427919,1.4068292800000002
243,884,trans_M1,001766,3,2,8,4,1.4045164799999998,0.8360735925657717,1.4045164799999998
244,2354,trans_M3,000725,7,0,17,0,1.40211608,0.9355056356933868,1.40211608
245,2926,trans_M3,001868,3,1,7,3,1.40206352,0.6370687357710445,1.40206352
246,1896,trans_M2,001793,3,2,8,4,1.3994141999999998,0.8345254345823288,1.3994141999999998
247,1898,trans_M2,001795,3,1,8,3,1.39928704,0.636989633975343,1.39928704
248,1894,trans_M2,001787,3,2,8,6,1.397827,0.8343622973388048,1.397827
249,2846,trans_M3,001703,3,0,8,3,1.3970198,0.4372750598937237,1.3970198
250,321,trans_M1,000650,5,0,13,0,1.3959727599999998,0.8723128732647957,1.3959727599999998
251,394,trans_M1,000795,4,0,11,3,1.3939956,1.1003487769059026,1.3939956
252,301,trans_M1,000609,7,0,18,0,1.39386668,1.3044223796385468,1.39386668
253,2925,trans_M3,001866,3,2,8,4,1.39045108,0.8345529519173711,1.39045108
254,2673,trans_M3,001356,4,1,13,4,1.38780396,0.66099248704151,1.38780396
255,375,trans_M1,000749,4,0,17,2,1.3873464,0.9433876087845943,1.3873464
256,718,trans_M1,001424,4,0,5,16,1.3870904,0.8709770695957435,1.3870904
257,2929,trans_M3,001879,3,0,8,4,1.38499284,0.43754711104859384,1.38499284
258,852,trans_M1,001698,3,0,9,4,1.3833544400000002,0.43706959952687796,1.3833544400000002
259,517,trans_M1,001029,2,0,11,11,1.3828,0.6142047784564908,1.3828
260,419,trans_M1,000841,3,1,10,5,1.3818,0.8670082229511279,1.3818
261,2889,trans_M3,001787,3,2,9,5,1.38151488,0.8343622973388048,1.38151488
262,2236,trans_M3,000493,3,2,9,8,1.3801168799999999,0.7511087756020338,1.3801168799999999
263,1934,trans_M2,001879,3,1,10,4,1.3760589200000002,0.6371608006234826,1.3760589200000002
264,2814,trans_M3,001638,3,2,8,6,1.37409832,0.8412622673803376,1.37409832
265,511,trans_M1,001018,2,0,10,13,1.3739639600000002,1.155309697146851,1.3739639600000002
266,2867,trans_M3,001748,3,2,9,3,1.37225372,0.8340618565937167,1.37225372
267,2676,trans_M3,001362,2,0,11,3,1.37224132,0.4355905438459515,1.37224132
268,1850,trans_M2,001700,3,0,9,5,1.37221348,0.5789906326598103,1.37221348
269,1811,trans_M2,001621,3,2,10,5,1.3703505599999999,0.7373408503985641,1.3703505599999999
270,1810,trans_M2,001620,2,1,7,3,1.37011712,0.3394379983148176,1.37011712
271,2875,trans_M3,001766,3,2,9,4,1.36800968,0.9179259968682046,1.36800968
272,380,trans_M1,000762,5,0,18,1,1.3676366399999997,0.7470282125850276,1.3676366399999997
273,823,trans_M1,001638,3,2,10,5,1.36696488,0.8412622673803376,1.36696488
274,1714,trans_M2,001424,4,0,4,16,1.36044028,0.8709770695957435,1.36044028
275,2345,trans_M3,000708,7,0,17,0,1.3572027999999998,0.9451270681796565,1.3572027999999998
276,898,trans_M1,001787,3,2,11,5,1.35488648,0.8343622973388048,1.35488648
277,2813,trans_M3,001637,3,1,10,4,1.35423616,0.5838424597970354,1.35423616
278,1819,trans_M2,001638,3,2,8,4,1.34699988,0.8412622673803376,1.34699988
279,1880,trans_M2,001766,3,2,9,5,1.3452600399999999,0.8360735925657717,1.3452600399999999
280,218,trans_M1,000448,6,1,9,3,1.3334191199999998,0.8954826534149043,1.3334191199999998
281,2843,trans_M3,001698,3,0,8,3,1.3314705199999999,0.43706959952688196,1.3314705199999999
282,2930,trans_M3,001881,3,2,9,4,1.3257256400000001,0.8346432311735392,1.3257256400000001
283,1420,trans_M2,000850,3,0,7,3,1.32212004,0.6597226409212579,1.32212004
284,1845,trans_M2,001690,3,2,7,3,1.320912,0.8346688109441135,1.320912
285,879,trans_M1,001758,3,2,7,4,1.3178436800000002,0.8344507358858261,1.3178436800000002
286,1414,trans_M2,000837,5,3,12,7,1.3138547200000001,1.2991574812928643,1.3138547200000001
287,909,trans_M1,001811,2,1,9,4,1.31324112,0.4483730108470861,1.31324112
288,2313,trans_M3,000650,7,0,16,0,1.3127309200000001,0.8723128732647957,1.3127309200000001
289,839,trans_M1,001669,2,1,8,5,1.3063626,0.4487242274004947,1.3063626
290,1200,trans_M2,000419,6,0,6,1,1.3034000000000001,0.9881199702591554,1.3034000000000001
291,2845,trans_M3,001700,3,0,8,4,1.3033692399999999,0.5789906326598141,1.3033692399999999
292,1503,trans_M2,001010,7,3,14,18,1.3003152400000002,2.07319262037724,1.3003152400000002
293,351,trans_M1,000703,6,1,18,1,1.29853456,1.197092662553996,1.29853456
294,2510,trans_M3,001031,3,1,11,9,1.29478016,0.6644564509348456,1.29478016
295,2501,trans_M3,001015,4,2,7,16,1.29166016,1.175183886103517,1.29166016
296,1507,trans_M2,001018,2,0,8,13,1.2871558,1.155309697146851,1.2871558
297,508,trans_M1,001011,5,2,13,19,1.28262864,1.7568054970467177,1.28262864
298,1514,trans_M2,001031,3,1,13,10,1.28245624,0.6644564509348456,1.28245624
299,2907,trans_M3,001831,2,2,6,4,1.26834068,0.7539155872073232,1.26834068
300,2498,trans_M3,001009,5,2,11,17,1.2681643200000001,1.606370086197963,1.2681643200000001
301,410,trans_M1,000822,5,1,13,3,1.26740352,1.3267905513018992,1.26740352
302,2290,trans_M3,000604,6,0,17,2,1.2667212800000003,1.0347862899680462,1.2667212800000003
303,888,trans_M1,001771,2,0,8,4,1.26487584,0.42797655396730877,1.26487584
304,2874,trans_M3,001765,3,2,11,4,1.2627822,0.8341402390033706,1.2627822
305,890,trans_M1,001774,2,1,7,4,1.25904168,0.6089816668286218,1.25904168
306,2808,trans_M3,001623,2,1,9,5,1.2587259999999998,0.6295300414384096,1.2587259999999998
307,2405,trans_M3,000827,3,3,15,6,1.2541152000000002,1.2252377019359109,1.2541152000000002
308,1330,trans_M2,000666,7,0,17,0,1.2540729999999998,1.1581296376148613,1.2540729999999998
309,1837,trans_M2,001674,2,2,8,4,1.25346508,0.6464136800292868,1.25346508
310,2359,trans_M3,000732,6,0,17,1,1.25334972,0.8362625106839652,1.25334972
311,2340,trans_M3,000689,8,2,19,3,1.24884036,1.3336870805200112,1.24884036
312,2833,trans_M3,001676,2,0,8,4,1.2481418400000002,0.24902843367645877,1.2481418400000002
313,2411,trans_M3,000841,3,1,8,5,1.23858212,1.0400965994510887,1.23858212
314,2910,trans_M3,001837,2,1,6,4,1.2381263200000001,0.4729972804201557,1.2381263200000001
315,2915,trans_M3,001843,2,2,8,4,1.2376960000000001,0.6704431323435258,1.2376960000000001
316,1883,trans_M2,001770,2,0,5,3,1.23553552,0.27339068930176635,1.23553552
317,757,trans_M1,001505,2,2,3,14,1.2355320399999998,1.1801736126229911,1.2355320399999998
318,637,trans_M1,001276,3,0,3,1,1.23483172,0.44754659450004763,1.23483172
319,1294,trans_M2,000604,6,0,17,1,1.2339575600000001,1.0853355693716116,1.2339575600000001
320,1838,trans_M2,001676,2,0,9,4,1.2302108,0.24902843367646052,1.2302108
321,1347,trans_M2,000703,6,0,18,0,1.22980432,0.9448281267911771,1.22980432
322,685,trans_M1,001362,3,1,12,3,1.22582848,0.6869026859524126,1.22582848
323,1843,trans_M2,001685,2,1,9,4,1.22473396,0.4485471555336603,1.22473396
324,1415,trans_M2,000841,4,2,10,6,1.22472688,1.0543192670183439,1.22472688
325,2827,trans_M3,001659,3,1,12,5,1.2218512,0.5361958878222761,1.2218512
326,1344,trans_M2,000689,8,1,20,2,1.2183856800000001,1.1280958560354484,1.2183856800000001
327,2343,trans_M3,000703,6,0,17,0,1.2153479200000001,0.9448414187703918,1.2153479200000001
328,2881,trans_M3,001774,2,1,8,4,1.214396,0.4484467908806592,1.214396
329,843,trans_M1,001677,2,0,8,4,1.2125872,0.2490131030239357,1.2125872
330,1500,trans_M2,001002,5,0,12,16,1.20829132,1.241776247877405,1.20829132
331,2360,trans_M3,000733,5,1,18,2,1.2073311599999998,0.9832228871410795,1.2073311599999998
332,1876,trans_M2,001760,2,2,9,4,1.2061586,0.7433721773964812,1.2061586
333,929,trans_M1,001850,2,2,7,4,1.20436904,0.6457905538898253,1.20436904
334,378,trans_M1,000753,6,1,18,2,1.20404232,1.529236635909084,1.20404232
335,934,trans_M1,001866,2,2,9,4,1.20367584,0.6705443746723466,1.20367584
336,1365,trans_M2,000734,6,1,20,2,1.20305532,0.9816143277365612,1.20305532
337,1853,trans_M2,001705,4,1,10,3,1.2013416399999999,0.9369583760583925,1.2013416399999999
338,1824,trans_M2,001646,2,1,8,5,1.20019872,0.4488174753169145,1.20019872
339,1953,trans_M2,001916,3,1,10,5,1.1997369199999999,0.6632279720754987,1.1997369199999999
340,845,trans_M1,001681,2,1,11,4,1.1978727999999998,0.4478629052860453,1.1978727999999998
341,2917,trans_M3,001846,2,1,8,4,1.19769732,0.47085777385199606,1.19769732
342,817,trans_M1,001623,2,1,11,5,1.19749704,0.4485679413510649,1.19749704
343,1498,trans_M2,000996,4,1,11,17,1.1973205199999999,0.9554852513503234,1.1973205199999999
344,880,trans_M1,001760,2,2,8,4,1.196831,0.6459885480157886,1.196831
345,369,trans_M1,000734,6,1,18,2,1.19508512,0.9816143277365612,1.19508512
346,935,trans_M1,001868,2,1,8,4,1.1926942,0.47306082433545604,1.1926942
347,2361,trans_M3,000734,6,1,18,2,1.19228368,0.9173353106380786,1.19228368
348,1846,trans_M2,001693,2,0,7,4,1.19156316,0.24866835002410526,1.19156316
349,850,trans_M1,001693,2,0,9,4,1.1895976799999999,0.24866835002410925,1.1895976799999999
350,815,trans_M1,001621,2,1,10,4,1.18861264,0.44855289964186007,1.18861264
351,840,trans_M1,001673,2,1,10,4,1.18783744,0.44897596695028097,1.18783744
352,1895,trans_M2,001789,2,2,10,4,1.1829204,0.6706313051484442,1.1829204
353,1842,trans_M2,001684,2,2,7,3,1.17906028,0.64608318691052,1.17906028
354,1374,trans_M2,000753,5,1,17,2,1.1771668400000002,1.365625568036556,1.1771668400000002
355,847,trans_M1,001685,2,1,9,4,1.17688,0.44854715553365987,1.17688
356,1835,trans_M2,001669,2,1,9,5,1.1766272,0.4487242274004947,1.1766272
357,1364,trans_M2,000733,6,1,17,2,1.1757982399999998,0.9832228871410795,1.1757982399999998
358,1923,trans_M2,001847,2,2,9,4,1.17531136,0.6704321210861117,1.17531136
359,1914,trans_M2,001835,2,2,8,4,1.17390432,0.6458355929581931,1.17390432
360,848,trans_M1,001688,2,0,11,4,1.1726147199999999,0.24877155519426042,1.1726147199999999
361,680,trans_M1,001351,6,3,14,4,1.16774432,1.2113104503410388,1.16774432
362,1839,trans_M2,001677,2,0,11,4,1.16684728,0.2490131030239357,1.16684728
363,2499,trans_M3,001010,5,3,11,18,1.1640562399999999,1.9129854194452534,1.1640562399999999
364,837,trans_M1,001660,2,0,10,5,1.1637052799999998,0.24893594283778206,1.1637052799999998
365,504,trans_M1,001002,5,0,12,17,1.16247808,1.1252419926916088,1.16247808
366,842,trans_M1,001676,2,0,9,4,1.16203728,0.24902843367646052,1.16203728
367,1814,trans_M2,001626,2,1,7,5,1.1579282800000001,0.4464471592186532,1.1579282800000001
368,853,trans_M1,001699,3,0,8,4,1.1579102000000001,0.4370437006492318,1.1579102000000001
369,2834,trans_M3,001677,2,0,8,4,1.15747832,0.2490131030239357,1.15747832
370,2204,trans_M3,000436,2,0,4,2,1.1530094,0.2171419739965605,1.1530094
371,1297,trans_M2,000609,7,1,16,1,1.1516440400000003,1.412576175678648,1.1516440400000003
372,377,trans_M1,000751,7,2,19,2,1.1483938,1.4588224605638724,1.1483938
373,2494,trans_M3,000996,4,2,11,18,1.14671528,1.2158651027601353,1.14671528
374,1809,trans_M2,001619,2,2,9,3,1.14631856,0.6461155257824982,1.14631856
375,813,trans_M1,001619,2,2,11,3,1.1433264,0.6461155257824982,1.1433264
376,2961,trans_M3,001947,3,2,10,4,1.14328604,0.799906354124396,1.14328604
377,1851,trans_M2,001703,2,0,7,3,1.14328064,0.2734157119168355,1.14328064
378,2871,trans_M3,001760,2,2,9,4,1.14041676,0.7943343846805141,1.14041676
379,2818,trans_M3,001644,2,1,10,6,1.1370552,0.44650308994652027,1.1370552
380,1341,trans_M2,000684,5,0,18,2,1.13647204,1.0515714221380106,1.13647204
381,2835,trans_M3,001678,2,0,9,4,1.1345868000000001,0.24899245081764604,1.1345868000000001
382,819,trans_M1,001629,2,0,10,6,1.13305272,0.39079673882870275,1.13305272
383,1676,trans_M2,001351,5,2,14,3,1.1330196000000001,0.9709790478486494,1.1330196000000001
384,1834,trans_M2,001666,2,1,12,5,1.132148,0.44859816968943134,1.132148
385,2844,trans_M3,001699,3,0,8,4,1.1297804,0.4370437006492358,1.1297804
386,2496,trans_M3,001002,5,0,9,16,1.12972036,1.1252419926916088,1.12972036
387,2815,trans_M3,001640,2,2,7,4,1.12963552,0.6462859568091537,1.12963552
388,1206,trans_M2,000434,4,0,5,2,1.12953868,0.3759323068714647,1.12953868
389,345,trans_M1,000684,6,0,20,2,1.126768,1.0517873735836907,1.126768
390,1833,trans_M2,001660,2,0,9,4,1.1242789599999998,0.24893594283778206,1.1242789599999998
391,822,trans_M1,001637,2,1,11,5,1.1228102,0.4486276194359943,1.1228102
392,2839,trans_M3,001688,2,0,9,4,1.12160516,0.24877155519426042,1.12160516
393,2308,trans_M3,000640,3,0,10,1,1.1182918,0.8131000166593084,1.1182918
394,1831,trans_M2,001657,2,1,8,5,1.1177759999999999,0.6122391341374753,1.1177759999999999
395,230,trans_M1,000475,4,1,11,6,1.11756272,0.9820822790267938,1.11756272
396,849,trans_M1,001690,2,2,9,4,1.1157952,0.6708385100845509,1.1157952
397,2872,trans_M3,001761,2,2,7,4,1.1150082000000001,0.6706357432764378,1.1150082000000001
398,897,trans_M1,001786,2,1,10,5,1.10701596,0.446301766915176,1.10701596
399,2885,trans_M3,001781,2,1,10,4,1.1056406,0.6215000750877522,1.1056406
400,2681,trans_M3,001375,2,0,5,0,1.1038000000000001,0.3180825485543713,1.1038000000000001
401,825,trans_M1,001641,2,1,8,5,1.10340716,0.44650335951962733,1.10340716
402,1844,trans_M2,001688,2,0,9,4,1.10264816,0.24877155519426042,1.10264816
403,2869,trans_M3,001757,2,0,8,0,1.1023999999999998,0.16364742257963358,1.1023999999999998
404,1818,trans_M2,001637,2,1,9,5,1.10021296,0.4486276194359943,1.10021296
405,2370,trans_M3,000753,6,1,21,2,1.1001112400000002,1.423320481669325,1.1001112400000002
406,1878,trans_M2,001763,3,3,7,4,1.09862496,1.0337211115213198,1.09862496
407,1822,trans_M2,001642,2,2,9,5,1.0927962,0.6463177090266305,1.0927962
408,308,trans_M1,000626,5,0,17,0,1.0922042400000003,0.8581628590643933,1.0922042400000003
409,2207,trans_M3,000444,5,0,8,2,1.09095004,0.6535696644041548,1.09095004
410,828,trans_M1,001646,2,1,9,6,1.09091104,0.4488174753169143,1.09091104
411,1817,trans_M2,001635,2,1,8,6,1.09020752,0.4476940459718234,1.09020752
412,2369,trans_M3,000751,6,1,18,2,1.08612548,1.3444516421838988,1.08612548
413,835,trans_M1,001657,2,1,11,5,1.0856426000000001,0.4485215406776366,1.0856426000000001
414,1674,trans_M2,001347,6,2,13,4,1.08360712,1.1443741062421007,1.08360712
415,1849,trans_M2,001699,2,0,8,4,1.08135728,0.24853250268387866,1.08135728
416,518,trans_M1,001031,3,1,11,10,1.080925,0.6644564509348456,1.080925
417,678,trans_M1,001347,6,2,13,4,1.0800591599999998,1.144197334807898,1.0800591599999998
418,2816,trans_M3,001641,2,1,10,5,1.07945264,0.4465033595196276,1.07945264
419,2848,trans_M3,001705,3,1,9,3,1.0788768000000002,0.8288309237000699,1.0788768000000002
420,690,trans_M1,001375,2,0,7,0,1.0784,0.3180825485543713,1.0784
421,1675,trans_M2,001350,4,2,13,4,1.07785496,0.9208820084259417,1.07785496
422,502,trans_M1,000996,4,1,11,17,1.0771308,0.9557151268424554,1.0771308
423,1893,trans_M2,001786,2,1,11,5,1.07622508,0.446301766915176,1.07622508
424,238,trans_M1,000487,2,2,12,5,1.0758417599999999,0.744159943783868,1.0758417599999999
425,1363,trans_M2,000732,6,0,18,1,1.0731367600000001,0.7463326749799588,1.0731367600000001
426,2669,trans_M3,001347,6,2,13,4,1.0730472,1.0249841199757987,1.0730472
427,1234,trans_M2,000487,2,2,8,5,1.07131504,0.7441599437838684,1.07131504
428,1890,trans_M2,001781,2,1,9,4,1.071,0.5796968472471014,1.071
429,2402,trans_M3,000822,4,1,11,3,1.07015912,1.3023767021614876,1.07015912
430,834,trans_M1,001656,2,0,10,6,1.0687405600000002,0.248994977054478,1.0687405600000002
431,2823,trans_M3,001651,2,0,9,6,1.06673256,0.2490086907158362,1.06673256
432,829,trans_M1,001647,2,1,8,6,1.06476784,0.6216453296334715,1.06476784
433,2977,trans_M3,001975,3,1,10,4,1.06323112,0.6883629746800117,1.06323112
434,1825,trans_M2,001647,2,1,11,6,1.0616492,0.6216453296334715,1.0616492
435,1823,trans_M2,001644,2,1,9,7,1.058832,0.4465030899465198,1.058832
436,2837,trans_M3,001684,2,3,11,4,1.0578552,0.8450183440911104,1.0578552
437,1406,trans_M2,000822,4,1,14,3,1.0509671999999999,1.301157051009912,1.0509671999999999
438,1219,trans_M2,000460,3,0,7,4,1.04979768,1.4222827760957784,1.04979768
439,869,trans_M1,001731,3,0,9,4,1.04970776,0.5360689734934825,1.04970776
440,2200,trans_M3,000427,5,0,5,1,1.04943948,0.6850197457999591,1.04943948
441,827,trans_M1,001644,2,1,9,6,1.0482656799999999,0.4465030899465198,1.0482656799999999
442,2420,trans_M3,000856,3,2,7,5,1.0476573200000001,0.49712828909369855,1.0476573200000001
443,2743,trans_M3,001498,2,1,3,14,1.03990688,0.8767902810900816,1.03990688
444,2220,trans_M3,000472,2,0,11,6,1.0375999999999999,0.27621564178219626,1.0375999999999999
445,1419,trans_M2,000848,2,0,6,4,1.03640636,0.3426135541091438,1.03640636
446,821,trans_M1,001635,2,1,8,4,1.03470656,0.44769404597182294,1.03470656
447,2841,trans_M3,001693,3,0,11,4,1.0330945599999999,0.43720552325772705,1.0330945599999999
448,1904,trans_M2,001804,2,1,9,4,1.03134456,0.47094823182374723,1.03134456
449,1903,trans_M2,001803,2,1,10,4,1.02933092,0.4730417361865096,1.02933092
450,2341,trans_M3,000694,7,1,16,1,1.0236787600000001,1.018789510624015,1.0236787600000001
451,2847,trans_M3,001704,3,1,8,4,1.0233248,0.6369225664068514,1.0233248
452,542,trans_M1,001081,2,5,8,12,1.0232,1.5410699440848648,1.0232
453,1204,trans_M2,000427,4,0,4,1,1.0210528399999999,0.5935801953361233,1.0210528399999999
454,833,trans_M1,001653,2,1,8,5,1.01417776,0.43372504750038543,1.01417776
455,1361,trans_M2,000729,3,0,13,0,1.01393668,0.3866664736435147,1.01393668
456,857,trans_M1,001705,3,1,10,3,1.00866296,0.6346507418403318,1.00866296
457,352,trans_M1,000705,6,0,18,0,1.008038,0.9370618337641449,1.008038
458,1337,trans_M2,000680,4,0,14,0,1.00711956,0.4856938379031326,1.00711956
459,943,trans_M1,001888,1,0,6,0,1.0,0.041046429408664126,1.0
460,1918,trans_M2,001840,3,1,9,4,0.9995408799999999,0.7937053186692387,0.9995408799999999
461,751,trans_M1,001497,2,1,7,14,0.99944224,0.7011183027350243,0.99944224
462,832,trans_M1,001651,2,0,11,6,0.9983822,0.2490086907158381,0.9983822
463,2188,trans_M3,000400,1,0,2,0,0.9976,0.24492452766763556,0.9976
464,1863,trans_M2,001729,1,0,5,0,0.9974,0.04095478978383215,0.9974
465,2320,trans_M3,000660,6,0,17,0,0.9973247199999998,0.9321591105554642,0.9973247199999998
466,208,trans_M1,000427,5,0,5,1,0.99537008,0.6850197457999591,0.99537008
467,344,trans_M1,000683,7,0,20,1,0.99470416,0.9986286730132798,0.99470416
468,1340,trans_M2,000683,6,0,18,2,0.9943982800000001,0.8983523159000923,0.9943982800000001
469,1505,trans_M2,001015,2,2,7,16,0.994084,1.0690699330985705,0.994084
470,2386,trans_M3,000795,3,0,9,3,0.99104976,0.9834541876911174,0.99104976
471,907,trans_M1,001803,2,1,10,4,0.99043984,0.4730417361865098,0.99043984
472,1816,trans_M2,001633,2,2,8,5,0.98630464,0.7965815695711416,0.98630464
473,368,trans_M1,000733,3,1,14,2,0.9855664,0.9832228871410795,0.9855664
474,1499,trans_M2,001000,4,2,9,16,0.9850751999999999,1.5606860500180422,0.9850751999999999
475,217,trans_M1,000447,4,1,9,3,0.98080808,0.6500920124705093,0.98080808
476,2534,trans_M3,001081,2,5,5,12,0.9808,1.541069944084846,0.9808
477,2202,trans_M3,000434,4,0,5,2,0.98018996,0.3683506284905117,0.98018996
478,2826,trans_M3,001657,1,0,5,0,0.9798,0.04085285081134295,0.9798
479,861,trans_M1,001716,4,1,11,3,0.97898964,0.9033063162528937,0.97898964
480,1366,trans_M2,000739,3,0,11,0,0.9789104,0.38830484304785323,0.9789104
481,246,trans_M1,000501,4,6,8,16,0.97834268,1.9676433566586615,0.97834268
482,220,trans_M1,000451,5,1,10,3,0.97771832,0.917427588344313,0.97771832
483,2304,trans_M3,000633,3,0,13,0,0.9766738,0.8121812542295824,0.9766738
484,1879,trans_M2,001765,1,1,6,1,0.9762,0.24005033935442846,0.9762
485,239,trans_M1,000488,4,3,10,6,0.97593316,0.9932784916559072,0.97593316
486,947,trans_M1,001896,2,1,8,4,0.9721213599999998,0.552050693365411,0.9721213599999998
487,349,trans_M1,000694,7,1,18,1,0.9707469599999999,1.018789510624015,0.9707469599999999
488,926,trans_M1,001846,2,1,9,4,0.9688553999999999,0.4462259324202254,0.9688553999999999
489,2208,trans_M3,000445,5,0,9,2,0.96720616,0.6728916614697514,0.96720616
490,2482,trans_M3,000975,3,3,6,11,0.9672000000000001,1.8800513083283392,0.9672000000000001
491,363,trans_M1,000727,6,0,17,1,0.96364892,0.8359031703611641,0.96364892
492,859,trans_M1,001708,3,2,8,3,0.9615644,0.8342456922471485,0.9615644
493,1728,trans_M2,001460,2,0,10,14,0.9611999999999999,0.4358070415467891,0.9611999999999999
494,216,trans_M1,000445,5,0,9,2,0.9608038400000001,0.6728916614697518,0.9608038400000001
495,923,trans_M1,001842,2,2,9,4,0.95878132,0.6457911401411689,0.95878132
496,1334,trans_M2,000672,5,0,17,2,0.9563416800000001,1.0557833958053233,0.9563416800000001
497,974,trans_M1,001952,2,2,9,4,0.95252268,0.7484531885987715,0.95252268
498,2935,trans_M3,001890,1,0,8,0,0.9516,0.040809115325301855,0.9516
499,2422,trans_M3,000859,2,1,5,3,0.9502208799999999,0.41389077491063947,0.9502208799999999
500,1391,trans_M2,000796,3,0,10,4,0.9489112799999999,0.8597479232633048,0.9489112799999999
501,1296,trans_M2,000607,5,0,19,0,0.9486857200000001,0.9718742305271895,0.9486857200000001
502,1942,trans_M2,001894,2,0,8,4,0.9474431999999999,0.35260319422222075,0.9474431999999999
503,2291,trans_M3,000605,5,0,19,1,0.94701744,0.6653986080915324,0.94701744
504,2806,trans_M3,001621,2,1,10,4,0.9459624,0.44855289964186007,0.9459624
505,2333,trans_M3,000680,4,0,13,0,0.9450000000000001,0.5792090045661535,0.9450000000000001
506,2334,trans_M3,000681,5,0,19,1,0.94303772,0.9145409662793533,0.94303772
507,1943,trans_M2,001896,2,1,7,4,0.94262428,0.552050693365411,0.94262428
508,398,trans_M1,000804,2,1,11,4,0.941,0.6935933208050578,0.941
509,2810,trans_M3,001629,3,1,8,4,0.9373759199999999,0.6339464695006447,0.9373759199999999
510,1298,trans_M2,000612,4,0,19,0,0.9368695200000001,0.6950499075215396,0.9368695200000001
511,372,trans_M1,000745,5,2,17,2,0.9367716,1.4081143411617225,0.9367716
512,228,trans_M1,000472,2,0,13,5,0.9363999999999999,0.3031033697600497,0.9363999999999999
513,2344,trans_M3,000705,6,0,16,0,0.9327429999999999,0.9370618337641449,0.9327429999999999
514,666,trans_M1,001327,3,1,8,2,0.93195424,0.6142524766133065,0.93195424
515,1295,trans_M2,000605,5,0,17,1,0.9280266,0.7212857486598258,0.9280266
516,2938,trans_M3,001896,2,1,8,5,0.92503008,0.552050693365411,0.92503008
517,2873,trans_M3,001763,1,1,6,1,0.9248,0.23938994731751695,0.9248
518,2366,trans_M3,000747,6,0,16,2,0.9237821999999999,1.2146135298350205,0.9237821999999999
519,2849,trans_M3,001706,3,1,8,4,0.9220102800000001,0.6409056328097238,0.9220102800000001
520,1356,trans_M2,000722,5,0,17,2,0.92121884,0.8355976753113603,0.92121884
521,863,trans_M1,001722,3,2,10,4,0.9199278399999999,0.9322939471324965,0.9199278399999999
522,2412,trans_M3,000843,2,0,9,4,0.9185135200000001,0.6670091546837754,0.9185135200000001
523,2856,trans_M3,001726,3,1,10,4,0.91814884,0.637172748080699,0.91814884
524,1884,trans_M2,001771,1,0,8,4,0.9172,0.23948062627335348,0.9172
525,2666,trans_M3,001342,2,2,12,5,0.91524356,0.8079365608043516,0.91524356
526,2937,trans_M3,001894,2,0,10,4,0.9152349999999999,0.35260319422222075,0.9152349999999999
527,2721,trans_M3,001455,3,0,8,14,0.9142747200000001,0.39278186909556934,0.9142747200000001
528,964,trans_M1,001931,2,1,10,4,0.91370624,0.5523251099600934,0.91370624
529,299,trans_M1,000605,5,0,18,1,0.9123719600000002,0.7212857486598258,0.9123719600000002
530,2939,trans_M3,001897,3,1,10,4,0.91062124,0.683056158165551,0.91062124
531,1869,trans_M2,001742,1,2,7,4,0.9092,0.670529336321043,0.9092
532,1960,trans_M2,001931,2,1,7,3,0.9064243999999999,0.5523251099600934,0.9064243999999999
533,955,trans_M1,001910,2,1,8,4,0.90606004,0.5520297501491771,0.90606004
534,366,trans_M1,000731,6,0,17,1,0.9059587999999998,0.8534273788848254,0.9059587999999998
535,2857,trans_M3,001728,3,0,10,4,0.903951,0.4373672830502699,0.903951
536,2962,trans_M3,001948,2,2,9,4,0.9019480799999999,0.8331002097562505,0.9019480799999999
537,1416,trans_M2,000843,2,1,7,4,0.9016895199999999,0.9237710692615164,0.9016895199999999
538,1871,trans_M2,001746,1,2,7,4,0.9012,0.48163667022022205,0.9012
539,396,trans_M1,000797,3,0,12,4,0.89961024,0.9456000732887869,0.89961024
540,2219,trans_M3,000470,2,0,8,1,0.8988,0.3935219949857351,0.8988
541,1413,trans_M2,000835,5,3,13,7,0.8987884400000001,1.0752706609266964,0.8987884400000001
542,1856,trans_M2,001711,3,1,8,3,0.8982342000000001,0.6370573947028273,0.8982342000000001
543,300,trans_M1,000607,5,0,16,0,0.8975399599999999,0.8269325150743843,0.8975399599999999
544,534,trans_M1,001069,1,6,4,15,0.8968,1.8274022336448734,0.8968
545,1882,trans_M2,001769,1,1,6,5,0.8968,0.28245642545848293,0.8968
546,2362,trans_M3,000739,6,1,17,2,0.8966898400000001,0.9741168399515077,0.8966898400000001
547,2876,trans_M3,001768,1,2,7,4,0.8942,0.4821826802338338,0.8942
548,826,trans_M1,001642,2,2,9,5,0.8934932800000001,0.6463177090266305,0.8934932800000001
549,973,trans_M1,001950,2,1,11,4,0.8912930400000001,0.5510542656448304,0.8912930400000001
550,1658,trans_M2,001323,1,0,3,2,0.8908,0.44383996347312143,0.8908
551,2526,trans_M3,001069,1,6,4,14,0.8896,1.8274022336448734,0.8896
552,2351,trans_M3,000721,6,0,17,2,0.88822204,1.1207987612892696,0.88822204
553,1530,trans_M2,001069,1,6,3,13,0.8882,1.8274022336448734,0.8882
554,1857,trans_M2,001716,3,1,10,3,0.8881156799999999,0.7401878192335176,0.8881156799999999
555,1743,trans_M2,001485,2,2,3,15,0.88667108,0.9894936727300301,0.88667108
556,2963,trans_M3,001949,2,1,8,5,0.8840299200000001,0.5512310414531305,0.8840299200000001
557,975,trans_M1,001955,2,1,8,4,0.8792104000000001,0.5510883614563087,0.8792104000000001
558,1926,trans_M2,001852,2,2,7,3,0.8788310400000001,0.7494128237541543,0.8788310400000001
559,2884,trans_M3,001779,3,2,10,4,0.8785239999999999,0.9966815483681539,0.8785239999999999
560,946,trans_M1,001894,2,0,8,5,0.875544,0.35260319422222075,0.875544
561,1362,trans_M2,000731,5,0,17,1,0.8754052400000001,0.6650777805632441,0.8754052400000001
562,662,trans_M1,001323,1,0,2,1,0.8746,0.44383996347312143,0.8746
563,714,trans_M1,001418,4,0,6,15,0.87418444,1.0924080883240996,0.87418444
564,1969,trans_M2,001950,2,1,9,4,0.8732062800000001,0.6536787615400117,0.8732062800000001
565,1951,trans_M2,001910,2,1,9,4,0.8731910800000001,0.5520297501491771,0.8731910800000001
566,2330,trans_M3,000672,5,0,15,1,0.8730236800000001,1.0410683179434939,0.8730236800000001
567,2195,trans_M3,000413,3,1,4,2,0.8718,0.8413800556635971,0.8718
568,1964,trans_M2,001945,2,1,9,4,0.8704724399999999,0.5503075547021105,0.8704724399999999
569,1858,trans_M2,001717,3,1,10,3,0.8700051999999998,0.6371548243392854,0.8700051999999998
570,2832,trans_M3,001674,1,2,8,4,0.8696,0.4821963345585328,0.8696
571,2738,trans_M3,001485,1,1,2,14,0.8684,0.7737858893121523,0.8684
572,1526,trans_M2,001061,1,4,2,9,0.8678,1.558989257171668,0.8678
573,2748,trans_M3,001505,2,2,3,14,0.865971,1.1801736126229911,0.865971
574,2705,trans_M3,001418,4,0,5,15,0.86590328,1.0924080883240996,0.86590328
575,1299,trans_M2,000617,5,1,18,2,0.86553928,0.8702911622339436,0.86553928
576,876,trans_M1,001748,1,0,7,0,0.8644,0.040964190949304514,0.8644
577,2932,trans_M3,001885,1,1,7,4,0.8644,0.2823583918541123,0.8644
578,2329,trans_M3,000671,4,0,16,0,0.8634957200000001,1.0404314755587079,0.8634957200000001
579,1392,trans_M2,000797,3,0,10,3,0.860525,0.8294018945455687,0.860525
580,223,trans_M1,000460,2,0,7,4,0.85862656,1.4222827760957777,0.85862656
581,971,trans_M1,001948,2,2,10,4,0.85605616,0.7486738284184964,0.85605616
582,945,trans_M1,001891,2,1,9,4,0.85592672,0.5520769727257221,0.85592672
583,2415,trans_M3,000848,2,0,4,3,0.85524264,0.47394490570571407,0.85524264
584,2328,trans_M3,000670,6,0,17,0,0.8550701599999999,1.0024012632359123,0.8550701599999999
585,1968,trans_M2,001949,2,1,10,4,0.8537524799999999,0.5512310414531305,0.8537524799999999
586,2435,trans_M3,000881,1,0,2,4,0.85,0.13490507097250318,0.85
587,966,trans_M1,001939,2,1,8,5,0.84833468,0.6017626672120719,0.84833468
588,503,trans_M1,001000,4,2,11,16,0.84826276,1.5606860500180422,0.84826276
589,360,trans_M1,000722,5,0,17,2,0.84772472,0.8355976753113603,0.84772472
590,1868,trans_M2,001738,1,0,7,0,0.8458,0.1808279572448858,0.8458
591,972,trans_M1,001949,2,1,10,4,0.8436678000000001,0.5512310414531305,0.8436678000000001
592,2238,trans_M3,000501,4,6,7,17,0.8431606399999999,1.9676433566586615,0.8431606399999999
593,1396,trans_M2,000807,3,0,11,3,0.84230432,0.5480239103482718,0.84230432
594,1862,trans_M2,001728,3,0,8,5,0.8418354000000001,0.43736728305026995,0.8418354000000001
595,1847,trans_M2,001696,1,0,8,5,0.8418,0.23456729616284927,0.8418
596,2336,trans_M3,000683,3,0,15,1,0.8412888000000001,1.0129488491903755,0.8412888000000001
597,214,trans_M1,000440,2,0,4,2,0.8400000000000001,0.2955474002621448,0.8400000000000001
598,1962,trans_M2,001939,2,0,8,4,0.83884048,0.3517048167923513,0.83884048
599,359,trans_M1,000721,6,0,18,2,0.83804864,0.9388890010051132,0.83804864
600,730,trans_M1,001455,3,0,9,14,0.83738488,0.39278186909556934,0.83738488
601,1971,trans_M2,001955,2,1,10,4,0.835849,0.5510883614563087,0.835849
602,2625,trans_M3,001269,1,0,2,0,0.8326,0.03705282993311798,0.8326
603,1643,trans_M2,001292,1,0,3,0,0.8288,0.0598748632030125,0.8288
604,970,trans_M1,001947,2,2,10,4,0.82608192,0.7484861119171978,0.82608192
605,1661,trans_M2,001326,1,0,7,3,0.8252,0.3787749695065383,0.8252
606,2817,trans_M3,001642,1,2,9,5,0.8236,0.48224641764277226,0.8236
607,353,trans_M1,000708,6,0,18,0,0.82228612,0.997580098303345,0.82228612
608,916,trans_M1,001831,1,2,7,4,0.8212,0.4819596422340816,0.8212
609,2387,trans_M3,000796,3,1,9,4,0.8211020000000001,1.0494131585500381,0.8211020000000001
610,541,trans_M1,001080,3,6,7,12,0.82062568,1.4862000040194472,0.82062568
611,1966,trans_M2,001947,2,2,11,4,0.8203855200000001,0.7484861119171978,0.8203855200000001
612,1525,trans_M2,001060,1,3,5,11,0.8202,1.1291905468238794,0.8202
613,2388,trans_M3,000797,3,0,12,4,0.8187659199999999,0.8294018945455687,0.8187659199999999
614,838,trans_M1,001666,1,1,8,5,0.8186,0.2845384391193362,0.8186
615,2229,trans_M3,000485,2,2,11,6,0.81737956,0.9161847420083814,0.81737956
616,1486,trans_M2,000975,3,3,6,10,0.8168,1.8800513083283392,0.8168
617,395,trans_M1,000796,3,0,12,4,0.816637,0.8597479232633048,0.816637
618,956,trans_M1,001913,2,0,8,4,0.81601292,0.35238387502409796,0.81601292
619,668,trans_M1,001329,3,2,10,3,0.8131999999999999,0.7319342887430285,0.8131999999999999
620,1967,trans_M2,001948,2,2,9,4,0.8128958,0.7486738284184964,0.8128958
621,2295,trans_M3,000617,4,1,18,1,0.81240592,1.0084406650421338,0.81240592
622,976,trans_M1,001957,2,1,10,4,0.8116101200000001,0.5510750909241195,0.8116101200000001
623,2923,trans_M3,001858,2,1,10,5,0.81115136,0.5520672832300304,0.81115136
624,2830,trans_M3,001669,1,1,8,5,0.8106,0.2846877292027845,0.8106
625,2495,trans_M3,001000,4,2,9,17,0.8092116,1.4453910230989464,0.8092116
626,1657,trans_M2,001322,1,0,3,3,0.8074,0.3425637239967512,0.8074
627,2853,trans_M3,001717,3,1,9,3,0.805048,0.6371548243392854,0.805048
628,968,trans_M1,001945,2,1,10,4,0.80423908,0.5503075547021105,0.80423908
629,2968,trans_M3,001958,2,1,9,4,0.8042326800000001,0.7294287015858469,0.8042326800000001
630,2809,trans_M3,001626,1,1,8,6,0.801,0.2824486584510342,0.801
631,1972,trans_M2,001957,2,1,8,4,0.7997793599999999,0.5510750909241195,0.7997793599999999
632,1919,trans_M2,001842,1,2,7,4,0.7996,0.48190497492683826,0.7996
633,204,trans_M1,000419,6,0,6,1,0.79855072,1.167409117621316,0.79855072
634,417,trans_M1,000835,5,4,17,8,0.797804,1.2973736589967988,0.797804
635,1307,trans_M2,000632,6,0,20,0,0.7967679200000001,1.0392254612708058,0.7967679200000001
636,883,trans_M1,001765,3,2,9,4,0.79649804,0.9057353175799544,0.79649804
637,1511,trans_M2,001022,1,0,10,11,0.796,0.29112986715909117,0.796
638,2812,trans_M3,001635,1,1,8,6,0.7958,0.2836926433327463,0.7958
639,2235,trans_M3,000492,1,1,10,7,0.7954816800000001,0.32326322748311864,0.7954816800000001
640,856,trans_M1,001704,2,1,10,3,0.7951387999999999,0.44839515120435774,0.7951387999999999
641,1710,trans_M2,001418,3,0,5,15,0.7948046,1.0924080883240996,0.7948046
642,342,trans_M1,000681,5,0,18,1,0.79344864,0.8951924444886038,0.79344864
643,1370,trans_M2,000747,5,0,15,2,0.7927776,1.0589409488921266,0.7927776
644,1712,trans_M2,001420,5,0,7,15,0.7922502399999999,0.8855053724603092,0.7922502399999999
645,1742,trans_M2,001484,1,2,3,14,0.7898,1.1977290283535413,0.7898
646,746,trans_M1,001484,1,2,3,14,0.7888,1.1158189342823728,0.7888
647,862,trans_M1,001717,3,1,10,3,0.7870898,0.6371548243392855,0.7870898
648,846,trans_M1,001684,1,3,9,4,0.7866,0.6365198870190084,0.7866
649,2959,trans_M3,001945,2,1,9,4,0.7861134,0.5503075547021105,0.7861134
650,1462,trans_M2,000933,1,2,3,7,0.78463392,0.7502282536235833,0.78463392
651,1442,trans_M2,000887,1,0,1,2,0.783,0.14434999442603055,0.783
652,1986,trans_M2,001980,3,0,10,4,0.7828175999999999,0.45034840960399225,0.7828175999999999
653,1946,trans_M2,001901,3,2,9,5,0.7826540399999999,0.8495017928793984,0.7826540399999999
654,302,trans_M1,000612,4,0,19,0,0.78216412,0.6951087125591153,0.78216412
655,2811,trans_M3,001633,1,3,8,5,0.7818,0.8314133411762292,0.7818
656,1793,trans_M2,001588,2,1,3,12,0.7794,0.8493150559742202,0.7794
657,10,trans_M1,000026,1,1,1,2,0.7782,0.22462980951210618,0.7782
658,2652,trans_M3,001322,1,0,3,2,0.7778,0.3425637239967512,0.7778
659,1335,trans_M2,000673,7,1,19,2,0.77778336,1.1469023649305157,0.77778336
660,1508,trans_M2,001019,1,0,11,12,0.7758,0.6224855836802194,0.7758
661,1726,trans_M2,001455,3,0,11,14,0.77579884,0.3927818690955693,0.77579884
662,2206,trans_M3,000440,2,1,5,2,0.7744,0.42109398586999647,0.7744
663,2840,trans_M3,001690,1,2,7,4,0.7744,0.48197534823346977,0.7744
664,969,trans_M1,001946,2,1,9,4,0.77433508,0.550536164080913,0.77433508
665,373,trans_M1,000746,4,0,16,2,0.7735140800000001,0.9867202045753045,0.7735140800000001
666,1235,trans_M2,000488,2,2,5,2,0.7734690399999999,0.6707295043841535,0.7734690399999999
667,2307,trans_M3,000636,6,0,18,2,0.7718156,0.7334423279336176,0.7718156
668,932,trans_M1,001858,2,1,8,4,0.7712513599999999,0.5520672832300304,0.7712513599999999
669,1192,trans_M2,000400,1,0,3,1,0.7712,0.24603546694787584,0.7712
670,1424,trans_M2,000856,2,2,4,4,0.7699733599999999,0.49712828909369855,0.7699733599999999
671,319,trans_M1,000645,6,0,18,0,0.76948228,0.7879692417432975,0.76948228
672,2663,trans_M3,001338,1,0,4,1,0.7690586399999999,0.1553958208772515,0.7690586399999999
673,2933,trans_M3,001886,3,2,7,4,0.768,0.8346449089162313,0.768
674,1537,trans_M2,001080,2,5,7,12,0.7674000000000001,1.3663173652525058,0.7674000000000001
675,2855,trans_M3,001725,3,2,10,5,0.7668269600000001,0.9304524420862631,0.7668269600000001
676,2670,trans_M3,001350,3,2,11,3,0.7666228800000001,0.7623698903482592,0.7666228800000001
677,2213,trans_M3,000456,3,0,6,4,0.7664379200000001,1.104024969493384,0.7664379200000001
678,2804,trans_M3,001619,1,2,9,3,0.7664,0.48216033146340553,0.7664
679,498,trans_M1,000989,2,4,10,19,0.7652200400000001,2.0842967842397178,0.7652200400000001
680,1932,trans_M2,001872,3,2,9,4,0.7649904000000001,0.8977264430904291,0.7649904000000001
681,2491,trans_M3,000991,2,4,9,18,0.7628848800000001,2.012537961916307,0.7628848800000001
682,665,trans_M1,001326,1,0,6,2,0.7608,0.3787749695065383,0.7608
683,2458,trans_M3,000933,1,2,2,7,0.7594,0.7502282536235836,0.7594
684,679,trans_M1,001350,3,2,13,4,0.75910156,0.7623698903482592,0.75910156
685,745,trans_M1,001483,2,1,3,14,0.7584659199999999,0.7161233023119048,0.7584659199999999
686,1239,trans_M2,000492,1,1,8,8,0.758,0.3232632274831188,0.758
687,957,trans_M1,001916,2,1,8,4,0.75674288,0.551977144829079,0.75674288
688,2958,trans_M3,001940,1,0,5,0,0.7544,0.18021104778417124,0.7544
689,1744,trans_M2,001489,2,1,2,15,0.7534000000000001,0.8553017863573804,0.7534000000000001
690,948,trans_M1,001897,2,1,9,4,0.75289984,0.5520060799386501,0.75289984
691,466,trans_M1,000933,1,0,3,5,0.7521811199999999,0.18554151974525204,0.7521811199999999
692,1233,trans_M2,000485,2,1,11,6,0.7520110399999999,0.6999504314734413,0.7520110399999999
693,243,trans_M1,000492,1,1,11,8,0.7505416,0.32326322748311864,0.7505416
694,661,trans_M1,001322,1,0,3,2,0.7494,0.3425637239967512,0.7494
695,1682,trans_M2,001366,2,0,8,3,0.7476708799999998,0.323998383682459,0.7476708799999998
696,1515,trans_M2,001034,2,0,9,9,0.7468,0.8295574307578779,0.7468
697,519,trans_M1,001034,2,0,13,10,0.7466,0.8295574307578779,0.7466
698,536,trans_M1,001073,2,5,5,15,0.7454000000000001,1.8733961932446306,0.7454000000000001
699,867,trans_M1,001729,3,1,9,5,0.7438532,0.6370530874905688,0.7438532
700,2976,trans_M3,001973,2,1,6,4,0.74300688,0.5509009797650818,0.74300688
701,1820,trans_M2,001640,2,2,10,5,0.74042548,0.7206626610114677,0.74042548
702,2337,trans_M3,000684,4,0,18,2,0.73893908,1.020073492064503,0.73893908
703,2237,trans_M3,000495,4,3,9,12,0.73821524,0.934256198205359,0.73821524
704,367,trans_M1,000732,5,0,17,1,0.73689364,0.7291638142029563,0.73689364
705,1732,trans_M2,001469,2,2,3,13,0.73420416,1.1980369617568387,0.73420416
706,1623,trans_M2,001259,1,1,1,1,0.7338,0.5916672084179033,0.7338
707,2710,trans_M3,001425,2,0,3,16,0.7321086400000001,0.7310408693025534,0.7321086400000001
708,1532,trans_M2,001073,2,4,5,14,0.7302,1.6783829483878994,0.7302
709,371,trans_M1,000744,4,0,18,2,0.72965688,0.9044446418737051,0.72965688
710,810,trans_M1,001614,2,2,3,15,0.728,1.0090364298344978,0.728
711,362,trans_M1,000725,5,0,17,1,0.72790772,0.7286356045644127,0.72790772
712,2656,trans_M3,001326,1,0,4,2,0.7276,0.3787749695065383,0.7276
713,2532,trans_M3,001079,1,4,4,13,0.7274,1.260438977460732,0.7274
714,1921,trans_M2,001845,2,1,9,4,0.72564104,0.5520154536793163,0.72564104
715,2509,trans_M3,001029,1,0,12,11,0.7242,0.4773173260764829,0.7242
716,2348,trans_M3,000715,5,0,18,0,0.723396,0.7689966779778226,0.723396
717,1828,trans_M2,001651,1,0,8,6,0.723,0.08489162229586646,0.723
718,1343,trans_M2,000688,5,0,15,1,0.72171728,0.8284959484616015,0.72171728
719,364,trans_M1,000728,5,0,19,1,0.7215505999999999,0.729353542454231,0.7215505999999999
720,748,trans_M1,001489,2,1,3,15,0.7214,0.8553017863573804,0.7214
721,753,trans_M1,001499,2,0,3,14,0.7213999999999999,0.3796114908570096,0.7213999999999999
722,1930,trans_M2,001866,1,0,5,0,0.7212,0.04035942485853761,0.7212
723,1426,trans_M2,000859,2,2,6,5,0.72055952,0.7390360245452553,0.72055952
724,2983,trans_M3,001984,2,3,6,5,0.71918756,1.0166993937561188,0.71918756
725,802,trans_M1,001599,2,2,3,14,0.7190000000000001,1.0093658005863473,0.7190000000000001
726,949,trans_M1,001898,2,1,9,4,0.7182612399999999,0.5499763876990601,0.7182612399999999
727,1495,trans_M2,000991,3,2,11,17,0.71762828,1.8160473944083824,0.71762828
728,740,trans_M1,001474,2,1,3,14,0.7172042000000001,0.6747445578854179,0.7172042000000001
729,2913,trans_M3,001840,1,0,6,0,0.717,0.03964650715017699,0.717
730,2493,trans_M3,000994,4,1,13,16,0.71694824,1.002266593082152,0.71694824
731,2409,trans_M3,000835,5,3,15,7,0.7158588399999999,0.9696298043355744,0.7158588399999999
732,2824,trans_M3,001653,1,1,6,6,0.7148,0.26960093669874896,0.7148
733,1729,trans_M2,001463,1,0,4,14,0.7146,0.6472662338478677,0.7146
734,1860,trans_M2,001725,3,2,9,4,0.7135411600000001,0.9304524420862631,0.7135411600000001
735,715,trans_M1,001419,4,0,5,15,0.7131951200000001,0.7890922581788897,0.7131951200000001
736,1711,trans_M2,001419,3,0,4,15,0.71245512,0.7107154147571443,0.71245512
737,1628,trans_M2,001267,1,0,2,0,0.7124159999999999,0.1994471471091016,0.7124159999999999
738,783,trans_M1,001561,2,0,3,11,0.711,0.7125438414986334,0.711
739,499,trans_M1,000991,2,2,11,17,0.7103946800000001,1.6956182211578108,0.7103946800000001
740,336,trans_M1,000670,6,0,18,0,0.7103408000000001,0.8955304644797868,0.7103408000000001
741,754,trans_M1,001500,1,1,3,14,0.7092,0.6775402917414978,0.7092
742,1358,trans_M2,000725,5,0,17,1,0.7089889199999999,0.7286356045644148,0.7089889199999999
743,1945,trans_M2,001898,2,1,8,4,0.70771936,0.5499763876990601,0.70771936
744,376,trans_M1,000750,4,0,19,2,0.7073112,0.8978868797474429,0.7073112
745,314,trans_M1,000635,7,0,19,0,0.7068515200000001,0.9016617834977084,0.7068515200000001
746,1328,trans_M2,000664,6,0,16,0,0.70660432,0.8551686732102347,0.70660432
747,1315,trans_M2,000645,6,0,16,0,0.70580804,0.9017253202809936,0.70580804
748,2368,trans_M3,000750,3,0,16,2,0.7056824800000001,0.7279671626778473,0.7056824800000001
749,986,trans_M1,001975,2,1,9,4,0.70567688,0.5508773929263149,0.70567688
750,1212,trans_M2,000445,4,0,7,2,0.70537084,0.6728916614697514,0.70537084
751,1715,trans_M2,001425,2,0,4,16,0.70511136,0.5579389178931631,0.70511136
752,1983,trans_M2,001977,2,1,7,4,0.7041376799999999,0.5484612791385703,0.7041376799999999
753,341,trans_M1,000680,6,0,17,1,0.70270064,0.7959393899858078,0.70270064
754,798,trans_M1,001589,2,2,2,13,0.7024,1.0107645995024344,0.7024
755,365,trans_M1,000729,5,0,19,0,0.70227616,0.8268388603908834,0.70227616
756,333,trans_M1,000665,4,0,17,0,0.70194552,0.7252106033134932,0.70194552
757,922,trans_M1,001840,2,1,10,4,0.7017262000000001,0.5498837478359277,0.7017262000000001
758,868,trans_M1,001730,2,2,6,4,0.7013893199999999,0.6706337730026881,0.7013893199999999
759,733,trans_M1,001463,2,0,5,14,0.6992,0.6472662338478676,0.6992
760,1947,trans_M2,001905,2,0,8,2,0.69914336,0.35244860342662065,0.69914336
761,2311,trans_M3,000645,6,0,16,0,0.6978845599999999,0.7879692417432975,0.6978845599999999
762,2355,trans_M3,000727,5,0,18,1,0.69749608,0.7288065041116991,0.69749608
763,961,trans_M1,001922,1,0,6,0,0.6972,0.039275889937924885,0.6972
764,1981,trans_M2,001973,2,1,8,4,0.6964999199999999,0.5509009797650818,0.6964999199999999
765,915,trans_M1,001830,2,1,9,4,0.69496252,0.552009100671953,0.69496252
766,222,trans_M1,000459,3,0,6,4,0.69454204,1.225577225377014,0.69454204
767,2900,trans_M3,001811,1,1,8,1,0.6942376,0.3078853015652553,0.6942376
768,320,trans_M1,000648,7,0,17,0,0.6935446799999999,0.9909236687688516,0.6935446799999999
769,1975,trans_M2,001962,3,1,9,4,0.6929511600000001,0.8277178566032128,0.6929511600000001
770,686,trans_M1,001366,2,0,8,3,0.6917157600000001,0.323998383682459,0.6917157600000001
771,951,trans_M1,001905,2,1,9,4,0.69109332,0.5520414206432042,0.69109332
772,1985,trans_M2,001979,2,1,9,4,0.68920872,0.5508020848173163,0.68920872
773,749,trans_M1,001490,1,1,10,15,0.6892,0.5937556061490473,0.6892
774,1686,trans_M2,001375,1,0,7,0,0.6882,0.15646148866891044,0.6882
775,2798,trans_M3,001609,2,2,3,15,0.6868000000000001,0.8491928693613012,0.6868000000000001
776,990,trans_M1,001980,2,0,7,4,0.6867473999999999,0.3515149147338793,0.6867473999999999
777,1864,trans_M2,001730,2,2,9,5,0.6854708,0.6459867273456147,0.6854708
778,2533,trans_M3,001080,2,5,5,13,0.6848,1.491372868761374,0.6848
779,512,trans_M1,001019,1,0,10,12,0.6842,0.6224855836802194,0.6842
780,2980,trans_M3,001979,2,1,6,4,0.6833086,0.5508020848173163,0.6833086
781,1948,trans_M2,001906,2,2,9,4,0.6818790399999999,0.7495869101694977,0.6818790399999999
782,2722,trans_M3,001456,3,0,9,14,0.6808627599999999,0.39800298991720384,0.6808627599999999
783,2371,trans_M3,000760,4,0,15,1,0.6798010400000001,0.7083324631479625,0.6798010400000001
784,1360,trans_M2,000728,5,0,18,1,0.67845748,0.729353542454231,0.67845748
785,237,trans_M1,000485,1,2,10,6,0.6780364799999999,0.7091800820386953,0.6780364799999999
786,716,trans_M1,001420,5,0,6,15,0.67785328,0.9732527994913831,0.67785328
787,985,trans_M1,001973,2,1,7,4,0.67755928,0.5509009797650818,0.67755928
788,1730,trans_M2,001464,2,0,2,13,0.6750982400000001,0.37882711974662586,0.6750982400000001
789,1745,trans_M2,001490,1,2,4,15,0.6744,1.0683927194885565,0.6744
790,2367,trans_M3,000749,2,0,13,2,0.6744,1.0983186534845562,0.6744
791,1407,trans_M2,000824,2,2,14,5,0.672958,1.2277215485324469,0.672958
792,2887,trans_M3,001785,1,0,8,1,0.6726896000000001,0.04018481545486533,0.6726896000000001
793,806,trans_M1,001607,2,2,3,14,0.6719999999999999,1.0097063567237612,0.6719999999999999
794,2508,trans_M3,001027,2,1,10,9,0.6715838799999999,0.8569960340994356,0.6715838799999999
795,2850,trans_M3,001708,2,2,8,3,0.67066256,0.6703862746792341,0.67066256
796,2312,trans_M3,000648,2,0,12,0,0.6704,0.45069335777114833,0.6704
797,1372,trans_M2,000750,3,0,16,2,0.67021816,0.7279671626778473,0.67021816
798,229,trans_M1,000473,2,1,13,6,0.6698636800000001,0.45937505850159044,0.6698636800000001
799,750,trans_M1,001492,2,0,8,13,0.6694,0.37904285325533854,0.6694
800,490,trans_M1,000975,2,3,6,10,0.6686,1.7484876908827336,0.6686
801,1746,trans_M2,001492,2,1,4,14,0.668,0.6469754011465739,0.668
802,245,trans_M1,000495,2,1,6,11,0.6660608,0.443777000485701,0.6660608
803,989,trans_M1,001979,2,1,8,4,0.6659402799999999,0.5508020848173163,0.6659402799999999
804,1318,trans_M2,000652,6,0,16,0,0.6657460399999999,1.0609800621927048,0.6657460399999999
805,2403,trans_M3,000824,2,3,13,4,0.66518868,1.4340757300245985,0.66518868
806,988,trans_M1,001978,2,1,8,4,0.6643444799999999,0.5508136641922308,0.6643444799999999
807,1958,trans_M2,001925,2,0,8,4,0.6636612399999999,0.35255594097476406,0.6636612399999999
808,1346,trans_M2,000697,5,0,17,0,0.66333164,0.728314323212234,0.66333164
809,1349,trans_M2,000708,5,0,19,0,0.6633110799999999,0.830922053796343,0.6633110799999999
810,350,trans_M1,000697,5,0,17,0,0.66264404,0.728314323212234,0.66264404
811,2332,trans_M3,000677,6,0,19,0,0.66248524,0.9831676953693183,0.66248524
812,1242,trans_M2,000501,3,4,5,15,0.6621464800000001,1.423886988182477,0.6621464800000001
813,2487,trans_M3,000984,1,1,7,14,0.6612,0.7633396524162139,0.6612
814,1316,trans_M2,000648,5,0,17,0,0.6602977200000001,0.6252986843388233,0.6602977200000001
815,2490,trans_M3,000989,1,5,11,18,0.6598,2.161984387697169,0.6598
816,734,trans_M1,001464,1,0,2,13,0.6596,0.37882711974662586,0.6596
817,1506,trans_M2,001017,1,2,10,14,0.6594,1.3317539461036516,0.6594
818,2502,trans_M3,001017,1,2,8,11,0.6586,1.3006053924579657,0.6586
819,361,trans_M1,000724,5,0,16,1,0.6580278399999999,0.7290925599113072,0.6580278399999999
820,2677,trans_M3,001366,2,0,7,3,0.65534064,0.323998383682459,0.65534064
821,953,trans_M1,001907,2,0,9,4,0.65497624,0.35244811130041453,0.65497624
822,233,trans_M1,000479,2,0,10,5,0.6542,0.36580158933471524,0.6542
823,1225,trans_M2,000473,2,1,14,6,0.65352992,0.45937505850159044,0.65352992
824,2725,trans_M3,001464,1,0,2,13,0.6526,0.2980505757006123,0.6526
825,1695,trans_M2,001392,1,0,5,2,0.6486326,0.1422141647292344,0.6486326
826,2620,trans_M3,001260,1,1,1,1,0.6482,0.5907801834363882,0.6482
827,1333,trans_M2,000671,5,1,18,1,0.6447790800000001,1.0337452751869547,0.6447790800000001
828,992,trans_M1,001984,2,2,8,4,0.6423667200000001,0.7478804298952417,0.6423667200000001
829,1345,trans_M2,000694,5,1,18,1,0.6418220800000001,0.9116660604327343,0.6418220800000001
830,874,trans_M1,001745,2,2,8,4,0.64069932,0.7491622672267301,0.64069932
831,2945,trans_M3,001909,2,1,9,4,0.64020052,0.5520622455994753,0.64020052
832,430,trans_M1,000859,2,2,4,5,0.63987452,0.7390360245452553,0.63987452
833,1320,trans_M2,000656,6,0,19,0,0.63792996,0.8248352460446151,0.63792996
834,509,trans_M1,001015,1,2,7,16,0.6376,0.917759455156116,0.6376
835,1737,trans_M2,001476,2,0,2,15,0.637,0.20621871072799763,0.637
836,627,trans_M1,001259,1,1,1,1,0.6357999999999999,0.5916672084179033,0.6357999999999999
837,2985,trans_M3,001991,2,3,8,5,0.6356472,1.01390193727903,0.6356472
838,2727,trans_M3,001469,1,2,2,13,0.6352458,1.1161753877563085,0.6352458
839,1685,trans_M2,001373,1,0,6,1,0.63490624,0.2479640546643127,0.63490624
840,348,trans_M1,000689,6,0,19,1,0.6346995200000001,0.8281974778454814,0.6346995200000001
841,1713,trans_M2,001423,3,0,6,15,0.6342584,0.9198972577485544,0.6342584
842,346,trans_M1,000687,4,0,16,2,0.6342318,0.828429210154569,0.6342318
843,425,trans_M1,000851,3,1,7,4,0.6336034800000001,0.6115344998356691,0.6336034800000001
844,446,trans_M1,000887,1,0,2,2,0.633,0.14434999442603055,0.633
845,736,trans_M1,001469,1,2,2,13,0.63157908,1.3085418415887595,0.63157908
846,756,trans_M1,001504,1,1,2,14,0.631,0.8870892541848203,0.631
847,952,trans_M1,001906,2,2,11,4,0.6290154800000001,0.7495869101694977,0.6290154800000001
848,334,trans_M1,000666,6,0,18,0,0.62872632,1.0513448808926233,0.62872632
849,2984,trans_M3,001989,2,1,8,3,0.628606,0.5487984270477826,0.628606
850,1987,trans_M2,001982,2,1,9,4,0.62809088,0.5507687740118988,0.62809088
851,954,trans_M1,001909,2,1,9,4,0.62804064,0.5520622455994753,0.62804064
852,358,trans_M1,000720,5,0,17,2,0.6280186,0.8317554538268317,0.6280186
853,354,trans_M1,000710,4,0,16,0,0.62624124,0.8313666579307498,0.62624124
854,1368,trans_M2,000745,4,3,15,3,0.6261384,1.5209339133849755,0.6261384
855,2314,trans_M3,000652,4,0,16,0,0.62534336,0.7888650261735903,0.62534336
856,1916,trans_M2,001838,2,1,9,4,0.6251812400000001,0.5690759741353997,0.6251812400000001
857,1313,trans_M2,000642,6,0,17,0,0.62468012,0.7931989201682967,0.62468012
858,2911,trans_M3,001838,2,1,11,4,0.6244522800000001,0.549895128821452,0.6244522800000001
859,1855,trans_M2,001708,2,2,8,4,0.6237982400000001,0.6703862746792341,0.6237982400000001
860,2941,trans_M3,001901,2,2,8,4,0.6214964000000001,0.74959297020264,0.6214964000000001
861,963,trans_M1,001928,2,2,8,4,0.62147244,0.7493254744896279,0.62147244
862,2794,trans_M3,001600,1,1,3,14,0.6205593600000001,0.6838950057823211,0.6205593600000001
863,1954,trans_M2,001918,2,0,9,4,0.61951244,0.352362846694288,0.61951244
864,1982,trans_M2,001975,2,1,6,4,0.6190466800000001,0.5508773929263149,0.6190466800000001
865,991,trans_M1,001982,2,1,8,5,0.6184938400000001,0.5507687740118988,0.6184938400000001
866,1241,trans_M2,000495,2,1,6,11,0.6183137200000001,0.443777000485701,0.6183137200000001
867,1393,trans_M2,000802,4,0,13,5,0.6174000000000001,0.9304105503899892,0.6174000000000001
868,1627,trans_M2,001264,1,1,1,1,0.6166,0.7513921926844531,0.6166
869,2971,trans_M3,001966,2,1,7,4,0.6165858399999999,0.5514109546621752,0.6165858399999999
870,1913,trans_M2,001832,2,0,9,4,0.6163520800000001,0.35242802222673264,0.6163520800000001
871,1956,trans_M2,001921,2,2,9,4,0.61621888,0.7493577392193753,0.61621888
872,1342,trans_M2,000687,5,0,16,2,0.61448316,0.8284292101545694,0.61448316
873,2982,trans_M3,001982,2,1,8,4,0.6115556,0.5507687740118967,0.6115556
874,2704,trans_M3,001416,4,1,12,15,0.6109586,1.2042696856116235,0.6109586
875,1802,trans_M2,001607,2,2,3,15,0.6108,1.0097063567237612,0.6108
876,1310,trans_M2,000635,5,0,18,0,0.6094843999999999,0.7175354073578315,0.6094843999999999
877,2511,trans_M3,001034,2,0,10,9,0.6093999999999999,0.6879495567075671,0.6093999999999999
878,1308,trans_M2,000633,5,0,20,0,0.60931428,0.7219473112377083,0.60931428
879,729,trans_M1,001454,3,0,10,14,0.6085767999999999,0.38818881030814123,0.6085767999999999
880,2744,trans_M3,001499,1,0,2,14,0.6068775999999999,0.2052489714310214,0.6068775999999999
881,2292,trans_M3,000607,2,0,15,0,0.6063854399999999,0.3160245811065712,0.6063854399999999
882,937,trans_M1,001875,2,1,7,3,0.6042164400000001,0.5521411165661159,0.6042164400000001
883,1870,trans_M2,001745,2,2,9,4,0.6034173599999999,0.7491622672267301,0.6034173599999999
884,2357,trans_M3,000729,6,0,17,0,0.60231516,1.0295369494637068,0.60231516
885,1350,trans_M2,000710,5,0,16,1,0.6009734800000001,0.8313666579307498,0.6009734800000001
886,1980,trans_M2,001972,2,1,7,5,0.60023384,0.5488504640050075,0.60023384
887,2680,trans_M3,001373,1,0,6,1,0.599424,0.2479640546643127,0.599424
888,1319,trans_M2,000654,6,0,18,0,0.59810096,0.8252854312802248,0.59810096
889,1226,trans_M2,000475,4,1,10,6,0.5961462399999999,0.9841298101259377,0.5961462399999999
890,1332,trans_M2,000670,6,0,19,0,0.59582696,0.7954189085440349,0.59582696
891,1229,trans_M2,000479,2,0,11,5,0.5956,0.36580158933471524,0.5956
892,2232,trans_M3,000489,3,3,10,6,0.59291364,0.9390458938641001,0.59291364
893,1632,trans_M2,001273,1,0,2,0,0.5922057199999999,0.035675980286102374,0.5922057199999999
894,2211,trans_M3,000450,4,1,7,3,0.5914574,0.8888085110822888,0.5914574
895,340,trans_M1,000677,5,0,17,0,0.59054416,0.8341436662140483,0.59054416
896,426,trans_M1,000852,1,1,5,3,0.58758516,0.5098042776493549,0.58758516
